PC4;OAD;STED
1011;6995;1
1012;8458;1
1013;6378;1
1014;2901;1
1015;11009;1
1016;11324;1
1017;9364;1
1018;6899;1
1019;4304;1
1021;2793;1
1022;2419;2
1023;2553;1
1024;2593;1
1025;2750;1
1026;97;5
1027;177;5
1028;40;5
1031;3066;1
1032;2766;1
1033;2039;2
1034;2426;2
1035;1983;2
1036;2438;2
1037;324;5
1041;100;5
1042;121;5
1043;1912;2
1044;55;5
1045;49;5
1046;293;5
1047;87;5
1051;8917;1
1052;11494;1
1053;11565;1
1054;9822;1
1055;6889;1
1056;9926;1
1057;10678;1
1058;8023;1
1059;5906;1
1060;3141;1
1061;5635;1
1062;5247;1
1063;3773;1
1064;3903;1
1065;4166;1
1066;2873;1
1067;2718;1
1068;3697;1
1069;3969;1
1071;7772;1
1072;9985;1
1073;11110;1
1074;10696;1
1075;7583;1
1076;5084;1
1077;5202;1
1078;8505;1
1079;5958;1
1081;2639;1
1082;4030;1
1083;3126;1
1086;1126;3
1087;1719;2
1091;8654;1
1092;8015;1
1093;8636;1
1094;8231;1
1095;4701;1
1096;2769;1
1097;4615;1
1098;4820;1
1101;1387;3
1102;3209;1
1103;3436;1
1104;3219;1
1105;1500;2
1106;2417;2
1107;2290;2
1108;2020;2
1109;453;5
1111;2401;2
1112;2988;1
1113;1243;3
1114;1249;3
1115;2040;2
1117;83;5
1118;73;5
1119;394;5
1121;1132;3
1127;93;5
1131;1725;2
1132;1485;3
1135;1238;3
1141;993;4
1145;149;5
1151;293;5
1153;45;5
1154;17;5
1156;300;5
1161;1068;3
1165;806;4
1171;1686;2
1175;466;5
1181;3233;1
1182;1578;2
1183;2715;1
1184;567;4
1185;2846;1
1186;2450;2
1187;1536;2
1188;2037;2
1189;105;5
1191;902;4
1211;3896;1
1212;2042;2
1213;2240;2
1214;3330;1
1215;3025;1
1216;1932;2
1217;2048;2
1218;816;4
1221;3867;1
1222;2214;2
1223;2727;1
1231;583;4
1241;885;4
1243;547;4
1244;207;5
1251;1098;3
1252;959;4
1261;1058;3
1262;1248;3
1271;1689;2
1272;1092;3
1273;2365;2
1274;2284;2
1275;2551;1
1276;2417;2
1277;1571;2
1309;101;5
1311;1716;2
1312;1745;2
1313;1207;3
1314;1987;2
1315;2449;2
1316;1278;3
1317;1016;3
1318;1702;2
1319;590;4
1321;1561;2
1322;750;4
1323;2309;2
1324;2078;2
1325;1509;2
1326;1867;2
1327;1007;3
1328;1686;2
1329;905;4
1331;81;5
1332;233;5
1333;1603;2
1334;2317;2
1335;1842;2
1336;1149;3
1338;1798;2
1339;1862;2
1341;183;5
1343;165;5
1349;75;5
1351;1157;3
1352;1541;2
1353;1562;2
1354;1985;2
1355;1487;3
1356;1072;3
1357;1395;3
1358;126;5
1359;628;4
1361;730;4
1362;1003;3
1363;1347;3
1381;1748;2
1382;1925;2
1383;1160;3
1384;1797;2
1391;860;4
1393;212;5
1394;376;5
1396;172;5
1398;464;5
1399;447;5
1401;2717;1
1402;2999;1
1403;1912;2
1404;3086;1
1405;2256;2
1406;2226;2
1411;955;4
1412;1686;2
1421;1681;2
1422;1674;2
1423;1189;3
1424;543;4
1426;145;5
1427;942;4
1428;125;5
1431;1004;3
1432;894;4
1433;815;4
1435;461;5
1436;664;4
1437;187;5
1438;205;5
1441;2591;1
1442;2606;1
1443;2965;1
1444;1674;2
1445;2295;2
1446;1466;3
1447;1889;2
1448;1883;2
1451;98;5
1452;235;5
1454;58;5
1456;171;5
1458;14;5
1461;1007;3
1462;500;4
1463;39;5
1464;52;5
1471;308;5
1472;64;5
1473;95;5
1474;385;5
1475;51;5
1476;20;5
1477;30;5
1481;123;5
1482;19;5
1483;567;4
1484;428;5
1485;82;5
1486;113;5
1487;100;5
1488;66;5
1489;31;5
1501;3687;1
1502;3674;1
1503;2609;1
1504;2178;2
1505;2109;2
1506;2989;1
1507;1808;2
1508;1832;2
1509;965;4
1511;1066;3
1521;1698;2
1525;354;5
1531;1777;2
1534;242;5
1536;75;5
1541;1977;2
1544;1369;3
1546;146;5
1551;329;5
1561;2251;2
1562;1705;2
1566;897;4
1567;1621;2
1601;1362;3
1602;1416;3
1606;415;5
1607;211;5
1608;88;5
1609;25;5
1611;1239;3
1613;1140;3
1614;603;4
1616;834;4
1617;191;5
1619;372;5
1621;1971;2
1622;1033;3
1623;1783;2
1624;2217;2
1625;1790;2
1627;508;4
1628;1886;2
1631;45;5
1633;595;4
1634;85;5
1636;172;5
1641;157;5
1642;139;5
1643;107;5
1645;279;5
1646;109;5
1647;218;5
1648;637;4
1652;48;5
1654;116;5
1655;131;5
1657;304;5
1658;32;5
1661;60;5
1662;75;5
1663;70;5
1671;993;4
1674;269;5
1676;109;5
1678;147;5
1679;301;5
1681;131;5
1682;67;5
1683;121;5
1684;96;5
1685;494;5
1686;390;5
1687;584;4
1688;281;5
1689;1281;3
1691;66;5
1692;22;5
1693;589;4
1695;1641;2
1696;284;5
1697;141;5
1701;1412;3
1702;1947;2
1703;2163;2
1704;902;4
1705;1747;2
1706;613;4
1711;209;5
1713;615;4
1715;594;4
1716;664;4
1718;477;5
1719;50;5
1721;816;4
1722;1101;3
1723;1147;3
1724;536;4
1731;438;5
1732;73;5
1733;384;5
1734;47;5
1735;232;5
1736;152;5
1738;287;5
1741;1586;2
1742;982;4
1744;127;5
1746;301;5
1747;407;5
1749;513;4
1751;175;5
1752;132;5
1753;254;5
1754;57;5
1755;244;5
1756;275;5
1757;107;5
1759;354;5
1761;711;4
1764;212;5
1766;202;5
1767;145;5
1768;69;5
1769;35;5
1771;592;4
1773;94;5
1774;152;5
1775;445;5
1777;565;4
1778;108;5
1779;380;5
1781;2321;2
1782;2409;2
1783;1413;3
1784;1515;2
1785;1390;3
1786;162;5
1787;637;4
1788;1373;3
1789;333;5
1791;866;4
1792;199;5
1793;40;5
1794;141;5
1795;144;5
1796;383;5
1797;74;5
1811;4019;1
1812;982;4
1813;2566;1
1814;3276;1
1815;3187;1
1816;2129;2
1817;1749;2
1821;2808;1
1822;1402;3
1823;2828;1
1824;2171;2
1825;2100;2
1826;2428;2
1827;1951;2
1829;1207;3
1831;1196;3
1832;57;5
1834;965;4
1841;219;5
1842;116;5
1843;75;5
1844;20;5
1846;38;5
1847;44;5
1851;1210;3
1852;1430;3
1853;1459;3
1861;1097;3
1862;1129;3
1865;159;5
1871;430;5
1873;365;5
1901;1648;2
1902;1733;2
1906;786;4
1911;1093;3
1921;515;4
1931;1198;3
1934;473;5
1935;403;5
1941;2855;1
1942;2791;1
1943;2659;1
1944;3197;1
1945;3518;1
1946;3139;1
1947;3142;1
1948;1533;2
1949;453;5
1951;1008;3
1961;2834;1
1962;2352;2
1963;1589;2
1964;2499;2
1965;3071;1
1966;3017;1
1967;1482;3
1968;323;5
1969;1117;3
1971;2259;2
1972;2886;1
1973;2825;1
1974;1684;2
1975;1942;2
1976;1093;3
1981;677;4
1985;840;4
1991;1952;2
1992;1365;3
2011;5460;1
2012;3842;1
2013;4548;1
2014;2689;1
2015;2052;2
2019;5534;1
2021;3845;1
2022;3403;1
2023;3741;1
2024;3137;1
2025;2651;1
2026;2338;2
2031;2242;2
2032;4041;1
2033;3026;1
2034;3416;1
2035;2920;1
2036;2946;1
2037;3301;1
2041;1796;2
2042;2000;2
2051;1671;2
2061;1271;3
2063;426;5
2064;413;5
2065;114;5
2071;1632;2
2082;1303;3
2101;2353;2
2102;2119;2
2103;1429;3
2104;728;4
2105;1307;3
2106;1802;2
2111;868;4
2114;426;5
2116;313;5
2121;803;4
2131;2138;2
2132;1909;2
2133;2290;2
2134;1768;2
2135;2067;2
2136;495;5
2141;630;4
2142;461;5
2143;67;5
2144;1092;3
2151;1731;2
2152;1511;2
2153;1012;3
2154;53;5
2155;285;5
2156;411;5
2157;108;5
2158;140;5
2159;140;5
2161;1739;2
2162;1408;3
2163;1569;2
2165;1186;3
2171;1636;2
2172;1692;2
2181;1701;2
2182;1424;3
2191;291;5
2201;1731;2
2202;1551;2
2203;1786;2
2204;258;5
2211;1204;3
2212;203;5
2215;1380;3
2216;1018;3
2221;2370;2
2222;1531;2
2223;1944;2
2224;2596;1
2225;2329;2
2231;1996;2
2232;1356;3
2235;1159;3
2241;1871;2
2242;1694;2
2243;359;5
2244;482;5
2245;449;5
2251;1726;2
2252;1667;2
2253;2204;2
2254;1225;3
2261;2169;2
2262;2848;1
2263;2433;2
2264;2880;1
2265;2436;2
2266;1326;3
2267;1251;3
2271;2314;2
2272;2757;1
2273;4057;1
2274;3861;1
2275;2452;2
2281;3964;1
2282;3968;1
2283;2980;1
2284;3493;1
2285;3161;1
2286;2613;1
2287;2953;1
2288;2039;2
2289;1465;3
2291;2237;2
2292;2077;2
2295;580;4
2311;5296;1
2312;5446;1
2313;3983;1
2314;2692;1
2315;4446;1
2316;4492;1
2317;2525;1
2318;2031;2
2321;3640;1
2322;551;4
2323;1227;3
2324;3273;1
2331;2146;2
2332;2930;1
2333;2126;2
2334;2025;2
2341;1835;2
2342;1110;3
2343;1802;2
2351;1586;2
2352;3181;1
2353;2183;2
2355;202;5
2361;744;4
2362;70;5
2371;915;4
2374;178;5
2375;216;5
2376;355;5
2377;808;4
2381;537;4
2382;1093;3
2391;478;5
2394;827;4
2396;809;4
2401;1939;2
2402;3038;1
2403;2186;2
2404;2023;2
2405;2807;1
2406;2527;1
2407;236;5
2408;1973;2
2409;101;5
2411;1556;2
2412;905;4
2415;193;5
2421;780;4
2431;195;5
2432;68;5
2435;214;5
2441;380;5
2445;102;5
2451;542;4
2461;448;5
2465;163;5
2471;218;5
2481;469;5
2491;1261;3
2492;1464;3
2493;1457;3
2495;1284;3
2496;1756;2
2497;1679;2
2498;1085;3
2511;6613;1
2512;8412;1
2513;7712;1
2514;4917;1
2515;7104;1
2516;5153;1
2517;5901;1
2518;6896;1
2521;6954;1
2522;6311;1
2523;5553;1
2524;4617;1
2525;7367;1
2526;8214;1
2531;4533;1
2532;3917;1
2533;4247;1
2541;4139;1
2542;3237;1
2543;3601;1
2544;3357;1
2545;4510;1
2546;5460;1
2547;5973;1
2548;2537;1
2551;4493;1
2552;4173;1
2553;2386;2
2554;1595;2
2555;3751;1
2561;7955;1
2562;8592;1
2563;7619;1
2564;5212;1
2565;5402;1
2566;3169;1
2571;8363;1
2572;7492;1
2573;7430;1
2574;7321;1
2581;3902;1
2582;4195;1
2583;3103;1
2584;4249;1
2585;3271;1
2586;3681;1
2587;2742;1
2591;2896;1
2592;3244;1
2593;4021;1
2594;3123;1
2595;4431;1
2596;2557;1
2597;1554;2
2611;4548;1
2612;2716;1
2613;4519;1
2614;3107;1
2616;1458;3
2622;2237;2
2623;2138;2
2624;4339;1
2625;3589;1
2626;1247;3
2627;3640;1
2628;2747;1
2629;840;4
2631;1759;2
2632;1942;2
2635;2332;2
2636;448;5
2641;1322;3
2642;1524;2
2643;1425;3
2645;1220;3
2651;1278;3
2652;1409;3
2661;1423;3
2662;1502;2
2665;979;4
2671;1897;2
2672;1536;2
2673;1475;3
2675;769;4
2676;498;5
2678;1014;3
2681;1333;3
2684;1357;3
2685;822;4
2691;1461;3
2692;1607;2
2693;1292;3
2694;1599;2
2711;3682;1
2712;2653;1
2713;3397;1
2715;3526;1
2716;2628;1
2717;2403;2
2718;1708;2
2719;1643;2
2721;1693;2
2722;2908;1
2723;2542;1
2724;3226;1
2725;2124;2
2726;2919;1
2727;2753;1
2728;1869;2
2729;2145;2
2731;801;4
2735;91;5
2741;1584;2
2742;1693;2
2743;1251;3
2751;514;4
2752;230;5
2761;696;4
2771;874;4
2801;3541;1
2802;2350;2
2803;2242;2
2804;2152;2
2805;2838;1
2806;3104;1
2807;1541;2
2808;1673;2
2809;839;4
2811;825;4
2821;426;5
2825;125;5
2831;972;4
2841;1060;3
2851;491;5
2855;56;5
2861;639;4
2865;428;5
2871;1191;3
2872;540;4
2901;1932;2
2902;2517;1
2903;2790;1
2904;2330;2
2905;2276;2
2906;2308;2
2907;2169;2
2908;1961;2
2909;1325;3
2911;1266;3
2912;1777;2
2913;651;4
2914;1644;2
2921;1440;3
2922;2410;2
2923;2073;2
2924;1920;2
2925;1681;2
2926;1520;2
2931;873;4
2935;479;5
2941;954;4
2951;1813;2
2952;819;4
2953;1198;3
2954;1637;2
2957;824;4
2959;240;5
2961;604;4
2964;479;5
2965;407;5
2967;306;5
2968;50;5
2969;231;5
2971;287;5
2973;193;5
2974;158;5
2975;70;5
2977;85;5
2981;2301;2
2982;1852;2
2983;1471;3
2984;1625;2
2985;2069;2
2986;1803;2
2987;1967;2
2988;366;5
2989;889;4
2991;1553;2
2992;1808;2
2993;1707;2
2994;1503;2
2995;525;4
3011;6320;1
3012;6219;1
3013;6952;1
3014;6430;1
3015;5681;1
3016;3427;1
3021;6811;1
3022;5978;1
3023;7302;1
3024;4385;1
3025;5354;1
3026;6235;1
3027;4667;1
3028;3561;1
3029;3168;1
3031;7752;1
3032;8136;1
3033;7165;1
3034;5994;1
3035;8063;1
3036;6409;1
3037;6609;1
3038;5865;1
3039;5144;1
3041;2078;2
3042;1908;2
3043;1769;2
3044;1474;3
3045;881;4
3046;56;5
3047;505;4
3051;3145;1
3052;2759;1
3053;2410;2
3054;2087;2
3055;1703;2
3056;875;4
3059;1135;3
3061;5693;1
3062;3131;1
3063;3520;1
3064;1450;3
3065;1979;2
3066;2926;1
3067;3291;1
3068;2868;1
3069;2617;1
3071;4370;1
3072;4430;1
3073;6245;1
3074;4732;1
3075;3964;1
3076;2586;1
3077;2207;2
3078;2649;1
3079;2742;1
3081;5756;1
3082;3668;1
3083;5154;1
3084;2274;2
3085;2651;1
3086;2611;1
3087;2269;2
3088;357;5
3089;279;5
3111;5015;1
3112;4369;1
3113;3567;1
3114;2070;2
3115;979;4
3116;3283;1
3117;3720;1
3118;3268;1
3119;3575;1
3121;2379;2
3122;3027;1
3123;2599;1
3124;1824;2
3125;1118;3
3131;3459;1
3132;2061;2
3133;1903;2
3134;3153;1
3135;2576;1
3136;3124;1
3137;2455;2
3138;1138;3
3141;2004;2
3142;2407;2
3143;2211;2
3144;2187;2
3145;1786;2
3146;1190;3
3147;1673;2
3151;1009;3
3155;751;4
3161;919;4
3162;1101;3
3165;155;5
3171;1185;3
3172;651;4
3176;972;4
3181;1203;3
3191;2412;2
3192;2145;2
3193;1559;2
3194;1752;2
3195;727;4
3196;195;5
3197;104;5
3198;19;5
3199;7;5
3201;2714;1
3202;1692;2
3203;3130;1
3204;3238;1
3205;2483;2
3206;2384;2
3207;1663;2
3208;1740;2
3209;964;4
3211;298;5
3212;177;5
3214;719;4
3216;150;5
3218;417;5
3221;1284;3
3222;1209;3
3223;1484;3
3224;1911;2
3225;1765;2
3227;149;5
3231;1040;3
3232;1051;3
3233;705;4
3234;107;5
3235;536;4
3237;241;5
3238;249;5
3241;1106;3
3243;181;5
3244;256;5
3245;1265;3
3247;640;4
3248;302;5
3249;265;5
3251;526;4
3252;280;5
3253;468;5
3255;653;4
3256;108;5
3257;372;5
3258;183;5
3261;1217;3
3262;1670;2
3263;1237;3
3264;461;5
3265;211;5
3267;186;5
3271;417;5
3273;344;5
3274;287;5
3281;769;4
3284;337;5
3286;424;5
3291;683;4
3292;60;5
3293;73;5
3295;971;4
3297;848;4
3299;361;5
3311;3689;1
3312;2675;1
3313;1320;3
3314;3319;1
3315;1848;2
3316;445;5
3317;2821;1
3318;2466;2
3319;1620;2
3328;2054;2
3329;909;4
3331;2678;1
3332;2689;1
3333;1950;2
3334;1596;2
3335;1343;3
3336;1205;3
3341;1531;2
3342;1434;3
3343;1942;2
3344;2239;2
3351;2134;2
3352;1551;2
3353;2427;2
3354;2188;2
3355;1857;2
3356;928;4
3361;1685;2
3362;1960;2
3363;1184;3
3364;1008;3
3366;64;5
3370;-99997;-99997
3371;1150;3
3372;541;4
3373;759;4
3381;310;5
3382;-99997;-99997
3401;2023;2
3402;1948;2
3403;1105;3
3404;1662;2
3405;283;5
3411;489;5
3412;101;5
3413;79;5
3415;74;5
3417;843;4
3421;966;4
3425;497;5
3431;2737;1
3432;1783;2
3433;1397;3
3434;1495;3
3435;1881;2
3436;2428;2
3437;1979;2
3438;1820;2
3439;658;4
3441;2096;2
3442;2295;2
3443;1868;2
3444;687;4
3445;1356;3
3446;1187;3
3447;930;4
3448;1502;2
3449;1803;2
3451;1286;3
3452;1666;2
3453;1511;2
3454;1526;2
3455;95;5
3461;471;5
3464;41;5
3465;191;5
3466;175;5
3467;114;5
3471;304;5
3474;186;5
3481;736;4
3511;5387;1
3512;5894;1
3513;5349;1
3514;5960;1
3515;5350;1
3521;3931;1
3522;4503;1
3523;4257;1
3524;2227;2
3525;2968;1
3526;3106;1
3527;3115;1
3528;1041;3
3531;4116;1
3532;4326;1
3533;3163;1
3534;2280;2
3541;2029;2
3542;601;4
3543;1553;2
3544;2046;2
3545;685;4
3546;224;5
3551;4508;1
3552;4453;1
3553;3488;1
3554;4049;1
3555;2116;2
3561;3437;1
3562;3473;1
3563;3668;1
3564;2832;1
3565;1112;3
3566;1504;2
3571;3744;1
3572;4673;1
3573;1794;2
3581;4865;1
3582;4192;1
3583;2824;1
3584;1018;3
3585;732;4
3601;1426;3
3602;976;4
3603;2112;2
3604;1155;3
3605;2146;2
3606;1436;3
3607;1766;2
3608;1260;3
3611;532;4
3612;139;5
3615;98;5
3621;865;4
3625;64;5
3626;62;5
3628;294;5
3631;143;5
3632;548;4
3633;245;5
3634;108;5
3641;1296;3
3642;1173;3
3643;734;4
3645;623;4
3646;55;5
3648;643;4
3651;53;5
3652;82;5
3653;74;5
3701;2371;2
3702;2763;1
3703;1706;2
3704;1682;2
3705;2000;2
3706;1400;3
3707;1599;2
3708;1118;3
3709;411;5
3711;175;5
3712;569;4
3721;1796;2
3722;1166;3
3723;1121;3
3731;1701;2
3732;1659;2
3734;613;4
3735;395;5
3737;252;5
3738;614;4
3739;184;5
3741;1660;2
3742;1685;2
3743;1745;2
3744;177;5
3749;86;5
3751;1154;3
3752;1251;3
3754;68;5
3755;924;4
3761;1373;3
3762;1995;2
3763;1311;3
3764;1356;3
3765;2176;2
3766;1758;2
3768;786;4
3769;796;4
3771;1119;3
3772;1420;3
3773;805;4
3774;190;5
3775;83;5
3776;177;5
3781;736;4
3784;96;5
3785;141;5
3791;297;5
3792;88;5
3794;53;5
3811;3924;1
3812;2081;2
3813;2605;1
3814;3697;1
3815;2498;2
3816;2691;1
3817;2538;1
3818;1696;2
3819;678;4
3821;1391;3
3822;2068;2
3823;2185;2
3824;1697;2
3825;1762;2
3826;1426;3
3828;1685;2
3829;1102;3
3831;1530;2
3832;655;4
3833;1434;3
3834;1349;3
3835;229;5
3836;236;5
3841;1791;2
3842;2232;2
3843;1632;2
3844;1572;2
3845;1331;3
3846;679;4
3847;769;4
3848;1258;3
3849;228;5
3851;1269;3
3852;573;4
3853;773;4
3861;1291;3
3862;1256;3
3863;1066;3
3864;353;5
3871;969;4
3881;872;4
3882;936;4
3886;225;5
3888;156;5
3891;1219;3
3892;971;4
3893;989;4
3894;812;4
3895;616;4
3896;216;5
3897;84;5
3898;30;5
3899;105;5
3901;3211;1
3902;2054;2
3903;1473;3
3904;2122;2
3905;2359;2
3906;1369;3
3907;838;4
3911;1027;3
3912;1257;3
3921;487;5
3922;263;5
3925;911;4
3927;480;5
3931;948;4
3941;534;4
3945;357;5
3947;191;5
3951;484;5
3953;113;5
3956;694;4
3958;702;4
3959;194;5
3961;1313;3
3962;1418;3
3971;1024;3
3972;1323;3
3981;728;4
3984;732;4
3985;258;5
3989;53;5
3991;1615;2
3992;1528;2
3993;1524;2
3994;1498;3
3995;2147;2
3997;82;5
3998;132;5
3999;51;5
4001;2037;2
4002;1590;2
4003;1153;3
4004;228;5
4005;1549;2
4006;1290;3
4007;990;4
4011;113;5
4012;174;5
4013;157;5
4014;139;5
4016;33;5
4017;523;4
4021;412;5
4023;55;5
4024;163;5
4031;172;5
4032;81;5
4033;370;5
4041;508;4
4043;520;4
4051;449;5
4053;113;5
4054;94;5
4061;140;5
4062;212;5
4063;63;5
4064;122;5
4101;1655;2
4102;1568;2
4103;1573;2
4104;757;4
4105;1387;3
4106;615;4
4107;146;5
4111;119;5
4112;378;5
4115;61;5
4116;291;5
4117;102;5
4119;52;5
4121;108;5
4122;100;5
4124;196;5
4125;255;5
4126;88;5
4128;236;5
4131;1035;3
4132;1348;3
4133;965;4
4141;1609;2
4142;1381;3
4143;1242;3
4145;155;5
4147;546;4
4151;115;5
4152;131;5
4153;443;5
4155;124;5
4156;212;5
4157;102;5
4158;249;5
4161;306;5
4163;358;5
4171;244;5
4174;95;5
4175;348;5
4176;170;5
4181;263;5
4182;65;5
4184;140;5
4185;66;5
4191;923;4
4194;615;4
4196;303;5
4197;410;5
4201;1919;2
4202;876;4
4203;1678;2
4204;1784;2
4205;2022;2
4206;1630;2
4207;1424;3
4208;639;4
4209;166;5
4211;134;5
4212;141;5
4213;469;5
4214;214;5
4221;141;5
4223;221;5
4225;131;5
4231;387;5
4233;465;5
4235;317;5
4241;454;5
4243;85;5
4245;104;5
4247;119;5
4251;923;4
4254;615;4
4255;379;5
4261;565;4
4264;339;5
4265;199;5
4266;113;5
4267;41;5
4268;88;5
4269;33;5
4271;244;5
4273;376;5
4281;266;5
4283;279;5
4284;291;5
4285;525;4
4286;301;5
4287;58;5
4288;68;5
4301;1072;3
4302;739;4
4303;472;5
4305;98;5
4306;312;5
4307;286;5
4308;46;5
4311;496;5
4315;118;5
4316;107;5
4317;59;5
4318;254;5
4321;69;5
4322;269;5
4323;121;5
4325;274;5
4326;130;5
4327;45;5
4328;301;5
4331;2768;1
4332;1655;2
4333;1419;3
4334;1390;3
4335;1719;2
4336;1967;2
4337;1832;2
4338;391;5
4339;235;5
4341;553;4
4351;172;5
4352;70;5
4353;272;5
4354;228;5
4356;397;5
4357;479;5
4361;471;5
4363;154;5
4364;161;5
4365;159;5
4371;422;5
4373;111;5
4374;379;5
4381;2418;2
4382;2567;1
4383;2397;2
4384;1337;3
4385;1723;2
4386;1329;3
4387;983;4
4388;1565;2
4389;132;5
4401;797;4
4411;294;5
4413;497;5
4414;131;5
4415;64;5
4416;480;5
4417;290;5
4421;749;4
4423;116;5
4424;469;5
4431;484;5
4433;94;5
4434;115;5
4435;58;5
4436;87;5
4437;63;5
4438;77;5
4441;151;5
4443;71;5
4444;65;5
4451;574;4
4453;255;5
4454;160;5
4455;139;5
4456;183;5
4458;163;5
4461;1965;2
4462;1495;3
4463;1151;3
4464;713;4
4465;372;5
4471;214;5
4472;270;5
4474;78;5
4475;150;5
4481;1123;3
4482;87;5
4484;311;5
4485;63;5
4486;301;5
4491;183;5
4493;197;5
4494;71;5
4501;757;4
4503;153;5
4504;200;5
4505;96;5
4506;408;5
4507;239;5
4508;35;5
4511;646;4
4513;136;5
4515;314;5
4521;189;5
4522;10;5
4524;456;5
4525;176;5
4527;302;5
4528;18;5
4529;93;5
4531;1255;3
4532;1682;2
4533;658;4
4535;1109;3
4536;1389;3
4537;1521;2
4538;885;4
4539;37;5
4541;344;5
4542;332;5
4543;220;5
4551;507;4
4553;280;5
4554;227;5
4561;841;4
4562;390;5
4564;501;4
4565;143;5
4566;124;5
4567;281;5
4568;126;5
4569;83;5
4571;817;4
4574;94;5
4575;22;5
4576;198;5
4581;183;5
4583;54;5
4584;37;5
4585;54;5
4586;83;5
4587;427;5
4588;49;5
4589;37;5
4611;2801;1
4612;640;4
4613;1860;2
4614;1593;2
4615;2426;2
4616;1861;2
4617;1128;3
4621;2864;1
4622;1570;2
4623;1722;2
4624;2218;2
4625;943;4
4631;886;4
4634;469;5
4635;260;5
4641;518;4
4645;561;4
4651;917;4
4652;1058;3
4655;41;5
4661;957;4
4664;233;5
4671;680;4
4675;267;5
4681;266;5
4691;736;4
4693;183;5
4694;252;5
4695;494;5
4696;231;5
4697;519;4
4698;325;5
4701;2885;1
4702;2115;2
4703;1898;2
4704;409;5
4705;586;4
4706;1326;3
4707;2011;2
4708;1373;3
4709;163;5
4711;996;4
4714;623;4
4715;429;5
4721;116;5
4722;73;5
4724;612;4
4725;67;5
4726;181;5
4727;51;5
4731;1061;3
4735;260;5
4741;576;4
4744;306;5
4751;578;4
4754;155;5
4756;204;5
4758;260;5
4759;135;5
4761;1343;3
4762;699;4
4765;180;5
4766;45;5
4771;73;5
4772;74;5
4781;162;5
4782;99;5
4791;611;4
4793;609;4
4794;61;5
4796;58;5
4797;281;5
4811;3789;1
4812;2796;1
4813;1858;2
4814;2843;1
4815;1916;2
4816;2777;1
4817;2001;2
4818;3034;1
4819;2936;1
4822;1371;3
4823;1226;3
4824;1266;3
4825;807;4
4826;2232;2
4827;2331;2
4834;2225;2
4835;2517;1
4836;78;5
4837;1769;2
4838;84;5
4839;242;5
4841;1100;3
4844;787;4
4845;265;5
4847;846;4
4849;299;5
4851;559;4
4854;881;4
4855;108;5
4856;28;5
4858;84;5
4859;15;5
4861;324;5
4871;1654;2
4872;2080;2
4873;1559;2
4874;1234;3
4875;1894;2
4876;1559;2
4877;397;5
4878;262;5
4879;627;4
4881;857;4
4882;280;5
4884;191;5
4885;89;5
4891;458;5
4901;2352;2
4902;1805;2
4903;390;5
4904;1306;3
4905;1607;2
4906;798;4
4907;1631;2
4908;1191;3
4909;117;5
4911;159;5
4921;1118;3
4924;64;5
4926;382;5
4927;175;5
4931;1074;3
4941;1217;3
4942;1285;3
4944;238;5
5011;2631;1
5012;1722;2
5013;2489;2
5014;3578;1
5015;868;4
5017;3747;1
5018;1718;2
5021;3998;1
5022;1930;2
5025;3818;1
5026;1328;3
5032;1005;3
5035;1433;3
5036;930;4
5037;2797;1
5038;4993;1
5041;4679;1
5042;3068;1
5043;1624;2
5044;2017;2
5045;1563;2
5046;3762;1
5047;661;4
5048;752;4
5049;1984;2
5051;1382;3
5052;1050;3
5053;886;4
5056;873;4
5057;958;4
5059;444;5
5061;1310;3
5062;765;4
5063;1020;3
5066;587;4
5071;709;4
5074;99;5
5076;450;5
5081;823;4
5084;93;5
5085;118;5
5087;314;5
5089;73;5
5091;252;5
5094;171;5
5095;157;5
5096;88;5
5101;1405;3
5102;1272;3
5103;1235;3
5104;1510;2
5105;157;5
5106;131;5
5107;398;5
5109;268;5
5111;381;5
5113;65;5
5114;21;5
5121;1348;3
5122;1245;3
5124;105;5
5125;190;5
5126;716;4
5131;384;5
5133;298;5
5141;1602;2
5142;1787;2
5143;1547;2
5144;1688;2
5145;360;5
5146;1005;3
5151;1469;3
5152;1560;2
5154;361;5
5156;480;5
5157;14;5
5158;175;5
5161;707;4
5165;417;5
5171;1252;3
5172;1144;3
5175;661;4
5176;46;5
5211;3863;1
5212;3423;1
5213;3042;1
5215;2801;1
5216;2127;2
5221;381;5
5222;954;4
5223;2273;2
5224;1608;2
5231;1852;2
5232;1179;3
5233;1704;2
5234;1044;3
5235;1755;2
5236;806;4
5237;1202;3
5241;1534;2
5242;1145;3
5243;1537;2
5244;789;4
5245;839;4
5246;1354;3
5247;1045;3
5248;460;5
5249;146;5
5251;1069;3
5252;1205;3
5253;471;5
5254;236;5
5255;150;5
5256;441;5
5257;33;5
5258;610;4
5261;1266;3
5262;1518;2
5263;849;4
5264;475;5
5266;106;5
5268;414;5
5271;719;4
5272;779;4
5275;572;4
5281;1437;3
5282;1192;3
5283;1371;3
5291;182;5
5292;67;5
5293;198;5
5294;153;5
5296;248;5
5298;397;5
5301;1133;3
5302;1015;3
5305;164;5
5306;331;5
5307;136;5
5308;247;5
5311;283;5
5313;91;5
5314;183;5
5315;83;5
5316;57;5
5317;171;5
5318;7;5
5321;537;4
5324;461;5
5325;166;5
5327;112;5
5328;277;5
5331;763;4
5333;182;5
5334;155;5
5335;107;5
5341;2733;1
5342;1453;3
5343;1408;3
5344;1800;2
5345;1827;2
5346;1744;2
5347;892;4
5348;1897;2
5349;776;4
5351;881;4
5352;108;5
5353;32;5
5354;80;5
5355;173;5
5356;66;5
5357;66;5
5358;274;5
5359;20;5
5361;781;4
5363;280;5
5364;336;5
5366;231;5
5367;87;5
5368;78;5
5371;426;5
5373;294;5
5374;544;4
5375;180;5
5381;153;5
5382;169;5
5383;49;5
5384;920;4
5386;494;5
5388;520;4
5391;432;5
5392;321;5
5394;110;5
5395;30;5
5396;111;5
5397;309;5
5398;92;5
5401;2018;2
5402;1841;2
5403;1298;3
5404;1705;2
5405;681;4
5406;669;4
5408;346;5
5409;177;5
5411;471;5
5421;1197;3
5422;972;4
5423;206;5
5424;97;5
5425;150;5
5427;597;4
5428;130;5
5431;1053;3
5432;1156;3
5433;464;5
5434;175;5
5435;109;5
5437;178;5
5438;126;5
5439;39;5
5441;231;5
5443;278;5
5445;46;5
5446;248;5
5447;170;5
5449;24;5
5451;433;5
5453;149;5
5454;175;5
5455;99;5
5461;1707;2
5462;1097;3
5463;1214;3
5464;800;4
5465;179;5
5466;174;5
5467;1469;3
5469;328;5
5471;115;5
5472;121;5
5473;523;4
5476;167;5
5481;1174;3
5482;1072;3
5491;727;4
5492;630;4
5501;2378;2
5502;1623;2
5503;1904;2
5504;1258;3
5505;1855;2
5506;1724;2
5507;522;4
5508;1652;2
5509;1698;2
5511;127;5
5512;221;5
5513;167;5
5521;858;4
5524;182;5
5525;236;5
5527;525;4
5528;199;5
5529;126;5
5531;960;4
5534;109;5
5541;773;4
5551;1072;3
5552;1627;2
5553;1171;3
5554;1884;2
5555;1391;3
5556;66;5
5561;173;5
5563;225;5
5571;711;4
5575;265;5
5581;728;4
5582;908;4
5583;899;4
5591;740;4
5595;382;5
5611;3993;1
5612;3820;1
5613;2512;1
5614;3559;1
5615;3400;1
5616;3697;1
5617;3913;1
5621;3140;1
5622;3333;1
5623;3367;1
5624;2224;2
5625;3337;1
5626;846;4
5627;1553;2
5628;2642;1
5629;1543;2
5631;1930;2
5632;2319;2
5633;960;4
5641;1619;2
5642;2018;2
5643;2763;1
5644;2313;2
5645;1794;2
5646;1482;3
5647;649;4
5651;2054;2
5652;1777;2
5653;2153;2
5654;2385;2
5655;1470;3
5656;673;4
5657;435;5
5658;1215;3
5661;708;4
5662;1107;3
5663;1173;3
5664;1843;2
5665;1622;2
5666;1858;2
5667;1248;3
5671;1412;3
5672;1353;3
5673;1196;3
5674;270;5
5681;344;5
5682;1235;3
5683;1637;2
5684;1512;2
5685;1067;3
5688;770;4
5689;779;4
5691;734;4
5692;429;5
5694;680;4
5701;2928;1
5702;2001;2
5703;1871;2
5704;1253;3
5705;1368;3
5706;1428;3
5707;1698;2
5708;759;4
5709;1245;3
5711;1044;3
5712;504;4
5715;176;5
5721;1115;3
5724;118;5
5725;165;5
5731;968;4
5735;584;4
5737;421;5
5738;135;5
5741;803;4
5751;1311;3
5752;313;5
5753;648;4
5754;1053;3
5756;135;5
5757;280;5
5758;181;5
5759;79;5
5761;468;5
5763;190;5
5764;109;5
5766;67;5
5768;495;5
5801;1428;3
5802;1485;3
5803;1375;3
5804;873;4
5807;297;5
5808;104;5
5809;363;5
5811;67;5
5812;115;5
5813;153;5
5814;30;5
5815;90;5
5816;12;5
5817;51;5
5821;314;5
5823;106;5
5824;84;5
5825;336;5
5826;70;5
5827;55;5
5831;1146;3
5835;172;5
5836;294;5
5841;122;5
5843;53;5
5844;68;5
5845;451;5
5846;201;5
5851;210;5
5853;168;5
5854;510;4
5855;181;5
5856;82;5
5861;233;5
5862;59;5
5863;165;5
5864;217;5
5865;171;5
5866;137;5
5871;162;5
5872;159;5
5911;2890;1
5912;2196;2
5913;2388;2
5914;1997;2
5915;1297;3
5916;587;4
5921;2481;2
5922;1996;2
5923;1876;2
5924;1816;2
5925;1373;3
5926;934;4
5927;439;5
5928;619;4
5931;1389;3
5932;969;4
5935;954;4
5941;478;5
5943;125;5
5944;218;5
5951;554;4
5953;838;4
5954;253;5
5961;1094;3
5962;174;5
5963;244;5
5964;184;5
5966;212;5
5971;595;4
5973;177;5
5975;523;4
5976;126;5
5977;14;5
5981;960;4
5984;117;5
5985;116;5
5986;197;5
5987;285;5
5988;788;4
5991;576;4
5993;502;4
5995;311;5
6001;2215;2
6002;803;4
6003;832;4
6004;1488;3
6005;742;4
6006;1452;3
6011;139;5
6012;41;5
6013;118;5
6014;254;5
6015;199;5
6017;382;5
6019;317;5
6021;810;4
6023;370;5
6024;182;5
6026;553;4
6027;209;5
6028;110;5
6029;100;5
6031;876;4
6034;158;5
6035;246;5
6037;89;5
6039;534;4
6041;1791;2
6042;1501;2
6043;2110;2
6044;1990;2
6045;1272;3
6049;830;4
6051;656;4
6061;303;5
6063;253;5
6065;338;5
6067;456;5
6071;671;4
6074;488;5
6075;480;5
6077;386;5
6081;550;4
6082;197;5
6083;283;5
6085;426;5
6086;309;5
6088;385;5
6089;87;5
6091;87;5
6092;114;5
6093;650;4
6095;266;5
6096;206;5
6097;367;5
6099;257;5
6101;1118;3
6102;643;4
6104;151;5
6105;91;5
6107;233;5
6109;89;5
6111;238;5
6112;198;5
6114;691;4
6116;170;5
6118;420;5
6121;762;4
6122;773;4
6123;389;5
6124;349;5
6125;339;5
6127;444;5
6129;492;5
6131;2318;2
6132;1222;3
6133;1283;3
6134;1020;3
6135;1480;3
6136;2000;2
6137;1798;2
6141;630;4
6142;307;5
6143;238;5
6151;796;4
6153;106;5
6155;283;5
6161;2060;2
6162;2058;2
6163;1220;3
6164;1623;2
6165;2192;2
6166;1825;2
6167;387;5
6171;1079;3
6174;300;5
6176;433;5
6181;921;4
6191;1018;3
6199;107;5
6211;3955;1
6212;1878;2
6213;1839;2
6214;3314;1
6215;1934;2
6216;2580;1
6217;2725;1
6218;1753;2
6219;991;4
6221;3740;1
6222;1220;3
6223;279;5
6224;3281;1
6225;1109;3
6226;2319;2
6227;2035;2
6228;1550;2
6229;1485;3
6231;800;4
6235;334;5
6237;207;5
6241;681;4
6243;222;5
6245;766;4
6247;349;5
6251;105;5
6252;137;5
6255;115;5
6261;135;5
6262;148;5
6265;151;5
6267;408;5
6268;74;5
6269;435;5
6271;526;4
6273;57;5
6274;74;5
6276;27;5
6277;64;5
6278;31;5
6281;198;5
6285;111;5
6286;122;5
6287;186;5
6289;23;5
6291;1252;3
6294;171;5
6295;118;5
6301;831;4
6305;253;5
6307;54;5
6311;240;5
6312;189;5
6321;285;5
6325;373;5
6333;275;5
6336;418;5
6341;168;5
6342;231;5
6343;298;5
6351;682;4
6353;43;5
6361;713;4
6363;433;5
6365;316;5
6367;666;4
6369;684;4
6371;1563;2
6372;1556;2
6373;1515;2
6374;1249;3
6411;2528;1
6412;1891;2
6413;1717;2
6414;1461;3
6415;1798;2
6416;1766;2
6417;1914;2
6418;1747;2
6419;1077;3
6421;1513;2
6422;145;5
6431;2190;2
6432;1578;2
6433;1224;3
6436;830;4
6438;548;4
6439;179;5
6441;1830;2
6442;1314;3
6443;1696;2
6444;1912;2
6445;1258;3
6446;1460;3
6447;280;5
6451;636;4
6454;151;5
6456;153;5
6461;2460;2
6462;2008;2
6463;2004;2
6464;1177;3
6465;908;4
6466;1537;2
6467;1767;2
6468;813;4
6469;703;4
6471;1046;3
6511;3693;1
6512;4258;1
6515;830;4
6521;3562;1
6522;2411;2
6523;2100;2
6524;3766;1
6525;1455;3
6531;3120;1
6532;2304;2
6533;2222;2
6534;2132;2
6535;2011;2
6536;1512;2
6537;1913;2
6538;2194;2
6541;2797;1
6542;3432;1
6543;2409;2
6544;2145;2
6545;1926;2
6546;1291;3
6551;387;5
6561;795;4
6562;849;4
6564;535;4
6566;635;4
6571;418;5
6572;446;5
6573;569;4
6574;673;4
6575;75;5
6576;275;5
6577;74;5
6578;232;5
6579;72;5
6581;1034;3
6582;286;5
6584;562;4
6585;391;5
6586;88;5
6587;124;5
6591;950;4
6595;517;4
6596;276;5
6598;267;5
6599;76;5
6601;1699;2
6602;1853;2
6603;479;5
6604;670;4
6605;1287;3
6606;93;5
6611;249;5
6612;107;5
6613;110;5
6615;178;5
6616;116;5
6617;173;5
6621;307;5
6624;175;5
6626;137;5
6627;136;5
6628;57;5
6629;85;5
6631;147;5
6634;87;5
6641;1404;3
6642;995;4
6644;443;5
6645;207;5
6651;1050;3
6652;964;4
6653;249;5
6654;217;5
6655;690;4
6657;264;5
6658;755;4
6659;251;5
6661;1265;3
6662;1080;3
6663;1066;3
6665;481;5
6666;544;4
6668;128;5
6669;378;5
6671;626;4
6672;244;5
6673;407;5
6674;402;5
6675;231;5
6676;15;5
6677;53;5
6678;551;4
6681;923;4
6684;188;5
6685;365;5
6686;291;5
6687;294;5
6691;671;4
6701;2232;2
6702;1589;2
6703;1415;3
6704;549;4
6705;263;5
6706;1993;2
6707;2977;1
6708;2008;2
6709;1678;2
6711;1925;2
6712;2533;1
6713;2576;1
6714;2656;1
6715;2028;2
6716;1254;3
6717;1970;2
6718;893;4
6721;1176;3
6731;242;5
6732;206;5
6733;170;5
6741;577;4
6744;241;5
6745;248;5
6811;3331;1
6812;1168;3
6813;1349;3
6814;2212;2
6815;660;4
6816;173;5
6821;3663;1
6822;3489;1
6823;1659;2
6824;2633;1
6825;2249;2
6826;2306;2
6827;1539;2
6828;3659;1
6831;1798;2
6832;2239;2
6833;2044;2
6834;1362;3
6835;1631;2
6836;1471;3
6841;1712;2
6842;1328;3
6843;1715;2
6844;2082;2
6845;1649;2
6846;1212;3
6851;1148;3
6852;1464;3
6861;930;4
6862;1013;3
6865;783;4
6866;947;4
6869;360;5
6871;1066;3
6874;176;5
6877;2;5
6881;1779;2
6882;2527;1
6883;1620;2
6891;940;4
6901;1808;2
6902;904;4
6903;1521;2
6904;1739;2
6905;482;5
6909;202;5
6911;286;5
6913;88;5
6914;128;5
6915;561;4
6916;481;5
6917;102;5
6921;1274;3
6922;1244;3
6923;297;5
6924;160;5
6931;1081;3
6932;1225;3
6941;876;4
6942;1003;3
6951;1387;3
6952;1378;3
6953;832;4
6955;151;5
6956;616;4
6957;137;5
6961;915;4
6964;51;5
6971;746;4
6974;107;5
6975;22;5
6981;968;4
6982;847;4
6983;737;4
6984;156;5
6986;406;5
6987;352;5
6988;175;5
6991;1029;3
6994;157;5
6996;122;5
6997;78;5
6998;101;5
6999;150;5
7001;1809;2
7002;1495;3
7003;1381;3
7004;462;5
7005;1046;3
7006;1217;3
7007;1059;3
7008;701;4
7009;1334;3
7011;758;4
7021;556;4
7025;66;5
7031;491;5
7035;144;5
7036;55;5
7037;196;5
7038;365;5
7039;174;5
7041;978;4
7044;537;4
7045;66;5
7046;10;5
7047;165;5
7048;80;5
7051;633;4
7054;75;5
7055;42;5
7061;787;4
7064;553;4
7065;37;5
7071;1004;3
7075;292;5
7076;299;5
7077;54;5
7078;86;5
7081;616;4
7083;33;5
7084;103;5
7091;877;4
7095;81;5
7101;1577;2
7102;995;4
7103;1414;3
7104;53;5
7105;30;5
7106;15;5
7107;38;5
7108;23;5
7109;44;5
7113;86;5
7115;33;5
7119;21;5
7121;982;4
7122;676;4
7123;731;4
7126;231;5
7131;961;4
7132;717;4
7134;86;5
7135;112;5
7136;134;5
7137;102;5
7141;909;4
7142;19;5
7151;1010;3
7152;628;4
7156;140;5
7157;43;5
7161;766;4
7165;76;5
7201;2245;2
7202;929;4
7203;1122;3
7204;2403;2
7205;667;4
7206;1389;3
7207;1043;3
7211;380;5
7213;439;5
7214;193;5
7215;47;5
7216;24;5
7217;100;5
7218;88;5
7221;261;5
7223;71;5
7224;13;5
7225;73;5
7226;64;5
7227;49;5
7231;1265;3
7232;1383;3
7233;38;5
7234;76;5
7241;913;4
7242;1314;3
7244;95;5
7245;163;5
7251;491;5
7255;483;5
7256;184;5
7261;521;4
7263;64;5
7271;789;4
7273;58;5
7274;84;5
7275;46;5
7311;3093;1
7312;1754;2
7313;823;4
7314;2112;2
7315;1686;2
7316;1750;2
7317;1062;3
7321;2277;2
7322;2046;2
7323;1629;2
7324;647;4
7325;1494;3
7326;1654;2
7327;1435;3
7328;1955;2
7329;2077;2
7331;2820;1
7332;2022;2
7333;1794;2
7334;1917;2
7335;2200;2
7336;1547;2
7339;755;4
7341;57;5
7345;182;5
7346;34;5
7348;16;5
7351;122;5
7352;86;5
7361;313;5
7364;108;5
7371;250;5
7381;120;5
7382;119;5
7383;201;5
7384;112;5
7391;984;4
7392;444;5
7395;76;5
7396;112;5
7397;26;5
7399;52;5
7411;2647;1
7412;2330;2
7413;3489;1
7414;1731;2
7415;2353;2
7416;2298;2
7417;1614;2
7418;799;4
7419;1143;3
7421;1067;3
7422;1490;3
7423;1592;2
7424;1330;3
7425;1234;3
7426;106;5
7427;374;5
7428;34;5
7429;1437;3
7431;569;4
7433;661;4
7434;67;5
7435;42;5
7437;418;5
7439;807;4
7441;1069;3
7442;1154;3
7443;827;4
7447;389;5
7448;115;5
7451;450;5
7461;1316;3
7462;1503;2
7463;982;4
7466;56;5
7467;47;5
7468;521;4
7471;963;4
7472;211;5
7475;307;5
7478;222;5
7481;1032;3
7482;1001;3
7483;1090;3
7491;754;4
7495;53;5
7496;194;5
7497;96;5
7511;3958;1
7512;3508;1
7513;3021;1
7514;3322;1
7521;1576;2
7522;1392;3
7523;2378;2
7524;348;5
7525;119;5
7531;2199;2
7532;949;4
7533;2388;2
7534;1174;3
7535;1925;2
7536;65;5
7541;2255;2
7542;1372;3
7543;2526;1
7544;2049;2
7545;2519;1
7546;1130;3
7547;630;4
7548;283;5
7551;2896;1
7552;1543;2
7553;2056;2
7554;148;5
7555;1629;2
7556;2216;2
7557;2428;2
7558;1348;3
7559;902;4
7561;247;5
7562;35;5
7571;2218;2
7572;1993;2
7573;1677;2
7574;814;4
7575;612;4
7576;1240;3
7577;1244;3
7581;1031;3
7582;1024;3
7585;121;5
7586;465;5
7587;219;5
7588;40;5
7591;722;4
7595;246;5
7596;135;5
7597;62;5
7601;2196;2
7602;1294;3
7603;1281;3
7604;1291;3
7605;2522;1
7606;2012;2
7607;2139;2
7608;1467;3
7609;1054;3
7610;98;5
7611;234;5
7614;259;5
7615;160;5
7621;1240;3
7622;1572;2
7623;960;4
7625;142;5
7626;141;5
7627;117;5
7631;589;4
7634;59;5
7635;49;5
7636;79;5
7637;157;5
7638;14;5
7641;898;4
7642;850;4
7645;52;5
7651;556;4
7661;102;5
7662;13;5
7663;39;5
7664;34;5
7665;231;5
7666;58;5
7667;76;5
7668;23;5
7671;667;4
7672;795;4
7675;54;5
7676;362;5
7678;241;5
7679;77;5
7681;745;4
7683;355;5
7685;65;5
7686;159;5
7687;175;5
7688;71;5
7691;239;5
7692;112;5
7693;140;5
7694;138;5
7695;57;5
7696;48;5
7701;813;4
7702;773;4
7705;37;5
7707;212;5
7711;456;5
7715;42;5
7721;915;4
7722;219;5
7731;699;4
7732;408;5
7734;46;5
7735;67;5
7736;33;5
7737;73;5
7738;22;5
7739;34;5
7741;885;4
7742;888;4
7751;311;5
7753;66;5
7754;34;5
7755;32;5
7756;59;5
7761;407;5
7764;127;5
7765;154;5
7766;84;5
7771;843;4
7772;923;4
7773;729;4
7775;111;5
7776;337;5
7777;76;5
7778;53;5
7779;12;5
7781;44;5
7782;167;5
7783;385;5
7784;36;5
7785;25;5
7786;62;5
7787;29;5
7788;16;5
7791;21;5
7792;18;5
7793;104;5
7794;33;5
7795;17;5
7796;71;5
7797;33;5
7798;103;5
7811;1421;3
7812;1229;3
7813;302;5
7814;248;5
7815;1288;3
7821;613;4
7822;1072;3
7823;1484;3
7824;1321;3
7825;260;5
7826;366;5
7827;812;4
7828;347;5
7831;182;5
7833;606;4
7841;288;5
7842;96;5
7843;112;5
7844;634;4
7845;19;5
7846;49;5
7847;28;5
7848;258;5
7849;67;5
7851;155;5
7852;23;5
7853;42;5
7854;250;5
7855;59;5
7856;20;5
7858;22;5
7859;16;5
7861;234;5
7863;84;5
7864;27;5
7871;102;5
7872;124;5
7873;240;5
7874;27;5
7875;184;5
7876;110;5
7877;53;5
7881;368;5
7884;160;5
7885;182;5
7887;354;5
7889;15;5
7891;859;4
7892;453;5
7894;312;5
7895;53;5
7901;1791;2
7902;1951;2
7903;469;5
7904;1035;3
7905;1424;3
7906;2066;2
7907;1820;2
7908;1122;3
7909;1132;3
7910;14;5
7911;65;5
7912;71;5
7913;373;5
7914;360;5
7915;65;5
7916;211;5
7917;76;5
7918;127;5
7921;532;4
7924;45;5
7925;19;5
7926;75;5
7927;83;5
7928;8;5
7929;19;5
7931;56;5
7932;49;5
7933;123;5
7934;48;5
7935;94;5
7936;62;5
7937;15;5
7938;113;5
7941;1993;2
7942;1284;3
7943;929;4
7944;1275;3
7946;100;5
7948;299;5
7949;36;5
7951;481;5
7954;164;5
7955;151;5
7957;367;5
7958;121;5
7961;248;5
7963;289;5
7964;38;5
7965;33;5
7966;37;5
7971;393;5
7973;74;5
7974;52;5
7975;139;5
7981;246;5
7983;44;5
7984;70;5
7985;36;5
7986;17;5
7991;231;5
8011;3100;1
8012;2866;1
8013;1293;3
8014;1920;2
8015;766;4
8016;1613;2
8017;1749;2
8019;765;4
8021;3431;1
8022;2750;1
8023;2714;1
8024;664;4
8025;1201;3
8026;65;5
8028;28;5
8031;2417;2
8032;2138;2
8033;1365;3
8034;414;5
8035;23;5
8041;745;4
8042;1013;3
8043;1572;2
8044;692;4
8045;5;5
8051;836;4
8052;806;4
8055;43;5
8061;691;4
8064;585;4
8066;72;5
8071;1022;3
8072;972;4
8075;292;5
8076;59;5
8077;131;5
8079;27;5
8081;847;4
8082;371;5
8084;659;4
8085;149;5
8091;961;4
8094;303;5
8095;198;5
8096;391;5
8097;113;5
8101;1055;3
8102;1037;3
8103;760;4
8105;135;5
8106;105;5
8107;82;5
8111;243;5
8112;122;5
8121;484;5
8124;81;5
8131;530;4
8141;528;4
8144;49;5
8146;20;5
8147;57;5
8148;68;5
8151;368;5
8152;391;5
8153;56;5
8154;41;5
8161;835;4
8162;878;4
8166;120;5
8167;103;5
8171;722;4
8172;859;4
8181;717;4
8191;465;5
8193;31;5
8194;81;5
8196;86;5
8198;12;5
8211;122;5
8212;954;4
8218;18;5
8219;299;5
8221;32;5
8222;331;5
8223;1195;3
8224;1960;2
8225;1979;2
8226;1483;3
8231;1669;2
8232;2049;2
8233;1843;2
8239;356;5
8241;221;5
8242;1125;3
8243;1311;3
8244;521;4
8245;860;4
8251;1027;3
8252;878;4
8253;629;4
8254;1183;3
8255;597;4
8256;432;5
8261;2195;2
8262;1935;2
8263;713;4
8264;1536;2
8265;1781;2
8266;1284;3
8267;456;5
8271;966;4
8274;103;5
8275;81;5
8276;60;5
8277;162;5
8278;28;5
8281;831;4
8291;4;5
8293;7;5
8294;8;5
8301;1532;2
8302;1015;3
8303;1389;3
8304;892;4
8305;141;5
8307;255;5
8308;119;5
8309;165;5
8311;93;5
8312;115;5
8313;102;5
8314;89;5
8315;95;5
8316;327;5
8317;85;5
8319;7;5
8321;1101;3
8322;970;4
8325;522;4
8326;138;5
8331;1267;3
8332;929;4
8333;345;5
8334;324;5
8335;114;5
8336;48;5
8337;41;5
8338;89;5
8339;137;5
8341;251;5
8342;41;5
8343;582;4
8344;117;5
8345;98;5
8346;101;5
8347;55;5
8351;43;5
8355;138;5
8356;178;5
8361;37;5
8362;4;5
8363;20;5
8371;48;5
8372;15;5
8373;19;5
8374;112;5
8375;331;5
8376;87;5
8377;40;5
8378;60;5
8381;272;5
8382;67;5
8383;46;5
8384;135;5
8385;41;5
8386;40;5
8387;9;5
8388;94;5
8389;38;5
8391;369;5
8392;62;5
8393;21;5
8394;34;5
8395;60;5
8396;103;5
8397;113;5
8398;41;5
8401;791;4
8403;33;5
8404;83;5
8405;40;5
8406;120;5
8407;100;5
8408;133;5
8409;63;5
8411;191;5
8412;37;5
8413;61;5
8414;199;5
8415;43;5
8421;155;5
8422;16;5
8423;77;5
8424;47;5
8425;31;5
8426;396;5
8427;52;5
8428;24;5
8431;817;4
8432;38;5
8433;354;5
8434;76;5
8435;144;5
8437;69;5
8438;53;5
8439;24;5
8441;1652;2
8442;2140;2
8443;1024;3
8444;642;4
8445;677;4
8446;1821;2
8447;1390;3
8448;658;4
8449;42;5
8451;432;5
8452;208;5
8453;678;4
8454;93;5
8455;46;5
8456;135;5
8457;26;5
8458;90;5
8459;64;5
8461;126;5
8462;12;5
8463;119;5
8464;157;5
8465;223;5
8466;650;4
8467;29;5
8468;59;5
8469;74;5
8471;1194;3
8472;713;4
8474;107;5
8475;40;5
8476;30;5
8477;18;5
8478;208;5
8479;17;5
8481;14;5
8482;17;5
8483;56;5
8484;24;5
8485;36;5
8486;12;5
8487;12;5
8488;37;5
8489;12;5
8491;520;4
8493;299;5
8494;328;5
8495;173;5
8497;6;5
8501;1144;3
8502;724;4
8503;256;5
8505;53;5
8506;85;5
8507;85;5
8508;119;5
8511;84;5
8512;62;5
8513;52;5
8514;46;5
8515;19;5
8516;17;5
8517;122;5
8521;369;5
8522;23;5
8523;81;5
8524;11;5
8525;205;5
8526;100;5
8527;23;5
8528;84;5
8529;20;5
8531;786;4
8532;843;4
8534;32;5
8535;13;5
8536;76;5
8537;59;5
8538;26;5
8539;169;5
8541;37;5
8542;87;5
8551;254;5
8552;9;5
8553;181;5
8554;118;5
8556;133;5
8561;528;4
8563;81;5
8564;88;5
8565;46;5
8566;56;5
8567;149;5
8571;99;5
8572;28;5
8573;63;5
8574;192;5
8581;52;5
8582;29;5
8583;10;5
8584;112;5
8601;1798;2
8602;1511;2
8603;1892;2
8604;1151;3
8605;2073;2
8606;1849;2
8607;1330;3
8608;1246;3
8611;68;5
8612;6;5
8613;5;5
8614;91;5
8615;93;5
8616;32;5
8617;21;5
8618;101;5
8621;335;5
8622;64;5
8623;45;5
8624;95;5
8625;188;5
8626;69;5
8627;66;5
8628;73;5
8629;216;5
8631;390;5
8632;30;5
8633;200;5
8635;48;5
8636;14;5
8637;39;5
8641;24;5
8642;13;5
8644;30;5
8647;63;5
8651;402;5
8658;30;5
8701;1140;3
8702;761;4
8711;500;4
8713;147;5
8715;171;5
8721;80;5
8722;36;5
8723;347;5
8724;21;5
8731;298;5
8732;30;5
8733;11;5
8734;128;5
8735;37;5
8736;22;5
8737;15;5
8741;17;5
8742;32;5
8743;45;5
8744;34;5
8745;20;5
8746;23;5
8747;34;5
8748;247;5
8749;70;5
8751;30;5
8752;14;5
8753;10;5
8754;411;5
8755;60;5
8756;8;5
8757;25;5
8758;11;5
8759;55;5
8761;19;5
8762;12;5
8763;47;5
8764;27;5
8765;44;5
8766;2;5
8771;105;5
8772;11;5
8773;62;5
8774;17;5
8775;9;5
8801;1118;3
8802;866;4
8804;139;5
8805;33;5
8806;80;5
8807;44;5
8808;68;5
8809;11;5
8811;67;5
8812;37;5
8813;47;5
8814;18;5
8816;21;5
8821;78;5
8822;121;5
8823;39;5
8831;157;5
8832;15;5
8833;6;5
8834;25;5
8835;59;5
8841;49;5
8842;55;5
8843;39;5
8844;11;5
8845;12;5
8851;227;5
8852;18;5
8853;47;5
8854;74;5
8855;226;5
8856;122;5
8857;58;5
8861;1147;3
8862;1031;3
8871;49;5
8872;280;5
8881;344;5
8882;30;5
8883;55;5
8884;150;5
8885;72;5
8891;240;5
8892;173;5
8893;195;5
8894;124;5
8895;113;5
8896;126;5
8897;44;5
8899;205;5
8911;4202;1
8912;687;4
8913;2768;1
8914;1579;2
8915;1663;2
8916;2959;1
8917;3795;1
8918;2451;2
8919;1006;3
8921;3952;1
8922;4005;1
8923;2365;2
8924;2401;2
8925;1358;3
8926;1243;3
8927;714;4
8931;1881;2
8932;2780;1
8933;3334;1
8934;2650;1
8935;1662;2
8936;1793;2
8937;2068;2
8938;649;4
8939;732;4
8941;246;5
9001;733;4
9003;114;5
9004;6;5
9005;243;5
9006;8;5
9007;18;5
9008;144;5
9009;30;5
9011;169;5
9012;75;5
9013;31;5
9014;53;5
9021;49;5
9022;149;5
9023;42;5
9024;86;5
9025;43;5
9026;36;5
9027;36;5
9031;60;5
9032;29;5
9033;121;5
9034;144;5
9035;371;5
9036;347;5
9037;13;5
9038;72;5
9041;306;5
9043;38;5
9044;172;5
9045;178;5
9047;221;5
9051;678;4
9053;50;5
9054;63;5
9055;301;5
9056;124;5
9057;91;5
9061;340;5
9062;370;5
9063;198;5
9064;96;5
9067;63;5
9071;43;5
9072;64;5
9073;179;5
9074;306;5
9075;23;5
9076;479;5
9077;78;5
9078;82;5
9079;158;5
9081;354;5
9082;20;5
9083;1374;3
9084;826;4
9085;802;4
9086;428;5
9087;47;5
9088;146;5
9089;74;5
9091;19;5
9101;988;4
9102;740;4
9103;739;4
9104;564;4
9105;113;5
9106;28;5
9107;9;5
9108;167;5
9109;69;5
9111;150;5
9112;144;5
9113;131;5
9114;110;5
9121;125;5
9122;10;5
9123;138;5
9124;12;5
9125;67;5
9131;95;5
9132;63;5
9133;133;5
9134;66;5
9135;60;5
9136;79;5
9137;109;5
9138;58;5
9141;62;5
9142;86;5
9143;60;5
9144;23;5
9145;167;5
9146;9;5
9147;56;5
9148;12;5
9151;215;5
9152;37;5
9153;41;5
9154;24;5
9155;28;5
9156;26;5
9161;313;5
9162;119;5
9163;282;5
9164;206;5
9166;317;5
9171;92;5
9172;248;5
9173;27;5
9174;18;5
9175;20;5
9176;10;5
9177;12;5
9178;20;5
9201;1995;2
9202;1622;2
9203;1991;2
9204;1079;3
9205;823;4
9206;610;4
9207;1007;3
9211;328;5
9212;271;5
9213;172;5
9214;44;5
9215;18;5
9216;146;5
9217;46;5
9218;185;5
9219;39;5
9221;169;5
9222;89;5
9223;162;5
9231;662;4
9233;145;5
9241;124;5
9243;184;5
9244;441;5
9245;104;5
9246;28;5
9247;445;5
9248;61;5
9249;103;5
9251;866;4
9254;568;4
9255;214;5
9256;153;5
9257;198;5
9258;97;5
9261;111;5
9262;148;5
9263;189;5
9264;162;5
9265;53;5
9269;413;5
9271;603;4
9281;463;5
9283;111;5
9284;126;5
9285;575;4
9286;111;5
9287;283;5
9288;276;5
9289;204;5
9291;620;4
9292;14;5
9293;36;5
9294;86;5
9295;65;5
9296;59;5
9297;64;5
9298;266;5
9299;339;5
9301;1111;3
9302;919;4
9304;23;5
9305;68;5
9306;53;5
9307;45;5
9311;648;4
9312;544;4
9313;171;5
9314;49;5
9315;43;5
9321;399;5
9331;394;5
9333;35;5
9334;20;5
9335;12;5
9336;24;5
9337;72;5
9341;116;5
9342;72;5
9343;51;5
9351;935;4
9354;154;5
9355;58;5
9356;768;4
9359;33;5
9361;65;5
9362;58;5
9363;517;4
9364;90;5
9365;49;5
9366;42;5
9367;175;5
9401;2253;2
9402;2358;2
9403;1166;3
9404;1306;3
9405;576;4
9406;1812;2
9407;1321;3
9408;934;4
9409;157;5
9411;778;4
9412;454;5
9413;426;5
9414;130;5
9415;75;5
9416;99;5
9417;55;5
9418;77;5
9419;28;5
9421;368;5
9422;410;5
9423;143;5
9431;381;5
9432;33;5
9433;38;5
9434;71;5
9435;5;5
9436;19;5
9437;18;5
9438;17;5
9439;67;5
9441;42;5
9442;46;5
9443;40;5
9444;81;5
9445;7;5
9446;17;5
9447;11;5
9448;93;5
9449;232;5
9451;447;5
9452;11;5
9453;10;5
9454;37;5
9455;5;5
9456;7;5
9457;13;5
9458;48;5
9459;2;5
9461;502;4
9462;161;5
9463;125;5
9464;19;5
9465;32;5
9466;52;5
9467;151;5
9468;393;5
9469;206;5
9471;504;4
9472;459;5
9473;55;5
9474;30;5
9475;98;5
9479;70;5
9481;418;5
9482;159;5
9483;98;5
9484;12;5
9485;13;5
9486;52;5
9487;126;5
9488;11;5
9489;406;5
9491;84;5
9492;30;5
9493;74;5
9494;132;5
9495;22;5
9496;16;5
9497;43;5
9501;1265;3
9502;836;4
9503;971;4
9511;76;5
9512;107;5
9514;203;5
9515;120;5
9521;411;5
9523;239;5
9524;46;5
9525;37;5
9526;13;5
9527;17;5
9528;90;5
9531;525;4
9533;104;5
9534;12;5
9535;4;5
9536;130;5
9537;15;5
9541;252;5
9545;60;5
9551;93;5
9561;517;4
9563;80;5
9564;152;5
9566;53;5
9571;130;5
9573;25;5
9574;24;5
9581;519;4
9584;75;5
9585;21;5
9591;193;5
9601;1516;2
9602;1587;2
9603;1288;3
9605;42;5
9606;215;5
9607;295;5
9608;64;5
9609;20;5
9611;1048;3
9613;109;5
9614;87;5
9615;183;5
9616;120;5
9617;358;5
9618;15;5
9619;91;5
9621;190;5
9622;34;5
9623;17;5
9624;6;5
9625;32;5
9626;176;5
9627;82;5
9628;333;5
9629;35;5
9631;31;5
9632;14;5
9633;11;5
9635;187;5
9636;305;5
9641;1324;3
9642;1138;3
9644;96;5
9645;1051;3
9646;1060;3
9648;581;4
9649;559;4
9651;140;5
9654;40;5
9655;28;5
9656;34;5
9657;19;5
9658;40;5
9659;83;5
9661;86;5
9663;336;5
9665;651;4
9671;1721;2
9672;624;4
9673;1082;3
9674;1157;3
9675;1335;3
9677;489;5
9678;159;5
9679;548;4
9681;200;5
9682;113;5
9684;152;5
9685;89;5
9686;272;5
9687;26;5
9688;47;5
9691;175;5
9693;241;5
9695;133;5
9696;16;5
9697;274;5
9698;87;5
9699;64;5
9711;6012;1
9712;6424;1
9713;4286;1
9714;5155;1
9715;4832;1
9716;4981;1
9717;5637;1
9718;4894;1
9721;3135;1
9722;2462;2
9723;1976;2
9724;4078;1
9725;4031;1
9726;4204;1
9727;2624;1
9728;2198;2
9731;1590;2
9732;1481;3
9733;1378;3
9734;1115;3
9735;1320;3
9736;1490;3
9737;1653;2
9738;1035;3
9741;4327;1
9742;4030;1
9743;2562;1
9744;861;4
9745;916;4
9746;777;4
9747;898;4
9749;99;5
9751;1083;3
9752;900;4
9753;983;4
9755;119;5
9756;159;5
9761;894;4
9765;738;4
9766;293;5
9771;164;5
9773;57;5
9774;77;5
9781;805;4
9784;61;5
9785;346;5
9791;545;4
9792;87;5
9793;42;5
9794;38;5
9795;56;5
9796;19;5
9797;57;5
9798;64;5
9801;721;4
9804;260;5
9805;490;5
9811;39;5
9812;41;5
9821;176;5
9822;227;5
9824;41;5
9825;21;5
9827;22;5
9828;105;5
9831;287;5
9832;28;5
9833;35;5
9841;68;5
9842;69;5
9843;329;5
9844;28;5
9845;50;5
9851;72;5
9852;20;5
9853;67;5
9861;433;5
9862;57;5
9863;74;5
9864;92;5
9865;136;5
9866;77;5
9871;133;5
9872;119;5
9873;136;5
9881;66;5
9882;75;5
9883;165;5
9884;24;5
9885;23;5
9886;22;5
9891;113;5
9892;40;5
9893;55;5
9901;1041;3
9902;1136;3
9903;887;4
9904;20;5
9905;129;5
9906;100;5
9907;38;5
9908;43;5
9909;162;5
9911;30;5
9912;35;5
9913;26;5
9914;59;5
9915;98;5
9917;59;5
9918;71;5
9919;365;5
9921;129;5
9922;54;5
9923;32;5
9924;35;5
9925;20;5
9931;992;4
9932;608;4
9933;930;4
9934;1118;3
9936;531;4
9937;61;5
9939;27;5
9942;28;5
9943;38;5
9944;113;5
9945;233;5
9946;118;5
9947;79;5
9948;99;5
9949;40;5
9951;668;4
9953;302;5
9954;32;5
9955;199;5
9956;59;5
9957;9;5
9959;78;5
9961;77;5
9962;21;5
9963;36;5
9964;105;5
9965;263;5
9966;18;5
9967;215;5
9968;47;5
9969;38;5
9971;208;5
9972;36;5
9973;38;5
9974;205;5
9975;25;5
9976;64;5
9977;124;5
9978;50;5
9979;12;5
9981;614;4
9982;312;5
9983;125;5
9984;22;5
9985;29;5
9986;15;5
9987;36;5
9988;168;5
9989;282;5
9991;330;5
9992;22;5
9993;63;5
9994;199;5
9995;91;5
9996;19;5
9997;87;5
9998;17;5
9999;12;5
